name,type_of_court_desired,postcode,closest_court_name,court_dx_number,distance_from_home_postcode
Iriquois Pliskin,Crown Court,SE17TP,Inner London Crown Court,97345 Southwark 3,1.37 miles
Robert Loggia,Crown Court,NP108XG,Newport (South Wales) Crown Court,99450 Caerdydd/ Cardiff 5,1.8 miles
Alexander Hamilton,County Court,HA13HP,Willesden County Court and Family Court,97560 Harlesden 2,4.58 miles
Linus Torvalds,County Court,WC2R0BL,Central London County Court,44453 Strand,0.35 miles
Miles Meraki,Tribunal,EC2A1AF,Taylor House Tribunal Hearing Centre,Not Available,0.96 miles
George Canning,Tribunal,SW1A2AA,Central London Employment Tribunal,141420 Bloomsbury 7,0.93 miles
Seymour Skinner,Tribunal,SW1A1AA,Land Registration,Not Available,1.36 miles
Yuri Gagarin,Crown Court,SN21SZ,Swindon Combined Court,98430 Swindon 5,0.43 miles
Hideo Kojima,Tribunal,EH88AS,Edinburgh Upper Tribunal (Administrative Appeals Chamber),Not Available,1.12 miles
Guido Van Rossum,County Court,NR162HE,Norwich Combined Court Centre,97385 Norwich 5,17.42 miles
